student_name,student_address_1,student_address_2
Joe Student,123 Street 1,"Crofton, MD 21114"
Jane Student,456 Street 2,"Crofton, MD 21114"
Betty Student,789 Street 3,"Crofton, MD 21114"
Susan Student,910 Street 4,"Crofton, MD 21114"
Jacob Student,112 Street 5,"Crofton, MD 21114"
John Student,112 Street 5,"Crofton, MD 21114"
Jose Student,112 Street 5,"Crofton, MD 21114"
Jack Student,112 Street 5,"Crofton, MD 21114"
Simona Student,112 Street 5,"Crofton, MD 21114"
Jimmy Student,112 Street 5,"Crofton, MD 21114"
J. Q. Student,112 Street 5,"Crofton, MD 21114"
